Subject,Start Date
"A.O 's birthday ",01/15/2019
"Absalom 's birthday ",12/30/2019
"Aisa 's birthday ",01/03/2019
"Aladine 's birthday ",01/31/2019
"Albion 's birthday ",11/09/2019
"Alvida 's birthday ",03/14/2019
"Amadob 's birthday ",06/20/2019
"Amazon 's birthday ",08/04/2019
"Andre 's birthday ",05/19/2019
"Ankoro 's birthday ",11/23/2019
"Aphelandra 's birthday ",08/01/2019
"Arlong 's birthday ",05/03/2019
"Atmos 's birthday ",03/19/2019
"Avalo Pizarro 's birthday ",09/30/2019
"Baby 5 's birthday ",05/15/2019
"Bartholomew Kuma 's birthday ",02/09/2019
"Bartolomeo 's birthday ",10/06/2019
"Basil Hawkins 's birthday ",09/09/2019
"Baskerville (Bas Kerville and “Princess”)  's birthday ",03/31/2019
"Bellamy 's birthday ",08/07/2019
"Bell-mère 's birthday ",12/03/2019
"Benn Beckman 's birthday ",11/09/2019
"Bepo 's birthday ",11/20/2019
"Big Pan 's birthday ",05/25/2019
"Bizarre 's birthday ",02/03/2019
"Blamenco 's birthday ",02/05/2019
"Blenheim 's birthday ",08/06/2019
"Blondie 's birthday ",02/07/2019
"Blue Gilly 's birthday ",11/27/2019
"Bluejam 's birthday ",02/16/2019
"Blueno 's birthday ",04/20/2019
"Boa Hancock 's birthday ",09/02/2019
"Boa Marigold 's birthday ",09/05/2019
"Boa Sandersonia 's birthday ",09/03/2019
"Bon Clay (Bentham) 's birthday ",08/15/2019
"Boo 's birthday ",08/20/2019
"Brannew 's birthday ",09/03/2019
"Brogy 's birthday ",02/01/2019
"Brook 's birthday ",04/03/2019
"Brownbeard 's birthday ",02/03/2019
"Buffalo 's birthday ",04/08/2019
"Buggy 's birthday ",08/08/2019
"Cabaji 's birthday ",09/08/2019
"Caesar Clown 's birthday ",04/09/2019
"Calgara 's birthday ",10/04/2019
"Capone Bege 's birthday ",01/17/2019
"Capote 's birthday ",05/01/2019
"Caribou 's birthday ",07/04/2019
"Carrot 's birthday ",05/24/2019
"Carue 's birthday ",11/08/2019
"Catarina Devon 's birthday ",03/29/2019
"Cavendish 's birthday ",08/31/2019
"Comile 's birthday ",10/01/2019
"Coribou 's birthday ",05/02/2019
"Chaka 's birthday ",04/26/2019
"Charlotte Daifuku 's birthday ",11/25/2019
"Charlotte Linlin 's birthday ",02/15/2019
"Charlotte Katakuri 's birthday ",11/25/2019
"Charlotte Oven 's birthday ",11/25/2019
"Charlotte Pudding 's birthday ",06/25/2019
"Charlotte Smoothie 's birthday ",10/12/2019
"Charloss 's birthday ",06/01/2019
"Chew 's birthday ",05/23/2019
"Chimney 's birthday ",06/02/2019
"Chinjao 's birthday ",12/12/2019
"Chyoko (Tamago) 's birthday ",04/14/2019
"Coby 's birthday ",05/13/2019
"Comile 's birthday ",10/01/2019
"Conis 's birthday ",05/20/2019
"Corgi 's birthday ",08/25/2019
"Crocodile 's birthday ",09/05/2019
"Crocus 's birthday ",01/04/2019
"Curiel 's birthday ",09/12/2019
"Curly Dadan 's birthday ",08/30/2019
"Daisy 's birthday ",02/15/2019
"Dalmatian 's birthday ",11/01/2019
"Dalton 's birthday ",06/10/2019
"Daruma 's birthday ",07/08/2019
"Daz Bones (Mr. 1) 's birthday ",01/01/2019
"Doma 's birthday ",02/01/2019
"Decalvan Brothers 's birthday ",05/22/2019
"Delacauaji 's birthday ",09/01/2019
"Dellinger 's birthday ",08/11/2019
"Demaro Black 's birthday ",05/05/2019
"Den 's birthday ",10/10/2019
"Devil Dias 's birthday ",09/18/2019
"Diamante 's birthday ",05/29/2019
"Disco 's birthday ",06/12/2019
"Doberman 's birthday ",10/08/2019
"Doc Q 's birthday ",10/18/2019
"Dogra 's birthday ",12/19/2019
"Doma 's birthday ",02/01/2019
"Domino 's birthday ",10/30/2019
"Donquixote Doflamingo 's birthday ",10/23/2019
"Donquixote Rosinante 's birthday ",07/15/2019
"Dorry 's birthday ",10/02/2019
"Dosun 's birthday ",10/09/2019
"Duval 's birthday ",08/11/2019
"Dracule Mihawk 's birthday ",03/09/2019
"Edward Newgate 's birthday ",04/06/2019
"Elmy 's birthday ",06/30/2019
"Emporio Ivankov 's birthday ",01/08/2019
"Enel 's birthday ",05/06/2019
"Enishida 's birthday ",02/24/2019
"Epoida 's birthday ",06/04/2019
"Eustass Kid 's birthday ",01/10/2019
"Fisher Tiger 's birthday ",11/05/2019
"Franky 's birthday ",03/09/2019
"Fossa 's birthday ",04/15/2019
"Foxy 's birthday ",04/04/2019
"Fujitora (Issho) 's birthday ",08/10/2019
"Fukaboshi 's birthday ",02/04/2019
"Fukuro 's birthday ",06/29/2019
"Funkfreed 's birthday ",04/28/2019
"Fuza 's birthday ",02/03/2019
"Galdino (Mr. 3) 's birthday ",03/03/2019
"Gaimon 's birthday ",08/05/2019
"Gan Fal 's birthday ",12/22/2019
"Gedatsu 's birthday ",08/10/2019
"Gekko Moriah 's birthday ",09/06/2019
"Genbo 's birthday ",02/09/2019
"Gin 's birthday ",04/07/2019
"Gladius 's birthday ",08/06/2019
"Gloriosa 's birthday ",02/04/2019
"Going Merry 's birthday ",01/22/2019
"Gol D. Roger 's birthday ",12/31/2019
"Gomorrah 's birthday ",08/06/2019
"Gonbe 's birthday ",02/08/2019
"Gorilla 's birthday ",05/18/2019
"Goro 's birthday ",11/26/2019
"Gyro 's birthday ",06/22/2019
"Hack 's birthday ",08/09/2019
"Hamburg 's birthday ",02/22/2019
"Hammond 's birthday ",07/17/2019
"Hannyabal 's birthday ",08/28/2019
"Haredas 's birthday ",10/14/2019
"Hatchan 's birthday ",08/08/2019
"Hattori 's birthday ",08/10/2019
"Helmeppo 's birthday ",07/16/2019
"Heracles 's birthday ",05/10/2019
"Hiluluk 's birthday ",01/12/2019
"Hina 's birthday ",03/03/2019
"Hoe 's birthday ",09/13/2019
"Hody Jones 's birthday ",04/14/2019
"Hogback 's birthday ",12/19/2019
"Holy 's birthday ",11/07/2019
"Hyouzou 's birthday ",04/18/2019
"Iceburg 's birthday ",01/03/2019
"Igaram 's birthday ",12/06/2019
"Ikaros Much 's birthday ",01/13/2019
"Inazuma 's birthday ",08/03/2019
"Indigo 's birthday ",12/05/2019
"Inuarashi 's birthday ",10/11/2019
"Islewan 's birthday ",01/01/2019
"Isshily 's birthday ",05/04/2019
"Itomimizu 's birthday ",01/11/2019
"Izo 's birthday ",10/13/2019
"Jabra 's birthday ",06/05/2019
"Jaguar D. Saulo 's birthday ",03/06/2019
"Jalmack 's birthday ",11/09/2019
"Jean Bart 's birthday ",04/06/2019
"Jesus Burgess 's birthday ",12/25/2019
"Jerry 's birthday ",02/22/2019
"Jewelry Bonney 's birthday ",09/01/2019
"Jinbe 's birthday ",04/02/2019
"John Giant 's birthday ",05/19/2019
"Jora 's birthday ",01/25/2019
"Jozu 's birthday ",11/11/2019
"Kadar 's birthday ",07/29/2019
"Kaku 's birthday ",08/07/2019
"Kaido 's birthday ",05/01/2019
"Kalifa 's birthday ",04/23/2019
"Kamakiri 's birthday ",07/10/2019
"Kanjuro 's birthday ",07/21/2019
"Karma 's birthday ",06/06/2019
"Kashi 's birthday ",04/01/2019
"Kashigami 's birthday ",11/04/2019
"Kaya 's birthday ",08/08/2019
"Keimi 's birthday ",11/03/2019
"Kiwi 's birthday ",09/01/2019
"Kin’emon 's birthday ",01/15/2019
"Kingdew 's birthday ",11/13/2019
"Killer 's birthday ",02/02/2019
"Kizaru (Borsalino) 's birthday ",11/23/2019
"Koala 's birthday ",10/25/2019
"Kohza 's birthday ",05/26/2019
"Kokoro 's birthday ",10/05/2019
"Kong 's birthday ",05/09/2019
"Krieg 's birthday ",09/19/2019
"Kuina 's birthday ",09/17/2019
"Kumadori 's birthday ",02/20/2019
"Kumashi 's birthday ",09/04/2019
"Kuro 's birthday ",04/22/2019
"Kuroobi 's birthday ",10/25/2019
"Kuzan 's birthday ",09/21/2019
"Kyros 's birthday ",09/22/2019
"Laboon 's birthday ",09/16/2019
"Lacroix 's birthday ",06/08/2019
"Lacuba 's birthday ",05/31/2019
"Lafitte 's birthday ",03/13/2019
"Lao G 's birthday ",10/07/2019
"Laki 's birthday ",07/07/2019
"Leo 's birthday ",07/24/2019
"Lieu. Spacey 's birthday ",03/21/2019
"Little Oars Jr. 's birthday ",02/12/2019
"Lola 's birthday ",01/27/2019
"Lord of the Earth 's birthday ",08/04/2019
"Lord of the Forest 's birthday ",04/04/2019
"Lucky Roo 's birthday ",07/06/2019
"Machvise 's birthday ",08/13/2019
"Macro 's birthday ",09/06/2019
"Magellan 's birthday ",10/09/2019
"Magra 's birthday ",10/20/2019
"Makino 's birthday ",02/23/2019
"Manboshi 's birthday ",03/30/2019
"Marco 's birthday ",10/05/2019
"Marguerite 's birthday ",04/09/2019
"Marshall D. Teach 's birthday ",08/03/2019
"Masira 's birthday ",03/04/2019
"McGuy 's birthday ",09/03/2019
"Megalo 's birthday ",04/08/2019
"Mikazuki 's birthday ",02/10/2019
"Minister of the Left 's birthday ",07/02/2019
"Minister of the Right 's birthday ",04/05/2019
"Minokoala 's birthday ",03/05/2019
"Minorhinoceros 's birthday ",03/01/2019
"Minotaurus 's birthday ",03/04/2019
"Minozebra 's birthday ",03/07/2019
"Miss Father’s Day 's birthday ",06/21/2019
"Miss Goldenweek 's birthday ",04/29/2019
"Miss Valentine 's birthday ",02/14/2019
"Moda 's birthday ",06/01/2019
"Mohji 's birthday ",10/01/2019
"Mohmoo 's birthday ",04/09/2019
"Momonga 's birthday ",06/06/2019
"Monda 's birthday ",04/03/2019
"Monet 's birthday ",08/27/2019
"Monkey D. Dragon 's birthday ",10/05/2019
"Monkey D. Garp 's birthday ",05/02/2019
"Monkey D. Luffy 's birthday ",05/05/2019
"Montblanc Cricket 's birthday ",09/11/2019
"Montblanc Noland 's birthday ",10/09/2019
"Morgan 's birthday ",04/13/2019
"Mousse 's birthday ",06/03/2019
"Motobaro 's birthday ",08/19/2019
"Mozu 's birthday ",01/07/2019
"Mr. 5 's birthday ",07/26/2019
"Nami 's birthday ",07/03/2019
"Namur 's birthday ",07/06/2019
"Nekomamushi 's birthday ",11/22/2019
"Nefeltari Cobra 's birthday ",02/13/2019
"Nefeltari Vivi 's birthday ",02/02/2019
"Neptune 's birthday ",07/03/2019
"Nero 's birthday ",01/26/2019
"Nico Robin 's birthday ",02/06/2019
"Nico Olivia 's birthday ",02/06/2019
"Nola 's birthday ",03/10/2019
"Nojiko 's birthday ",07/25/2019
"Oars 's birthday ",10/04/2019
"Octopako 's birthday ",08/05/2019
"Ohm 's birthday ",03/25/2019
"Oimo 's birthday ",01/06/2019
"Onigumo 's birthday ",02/08/2019
"Otohime 's birthday ",01/10/2019
"Palms 's birthday ",03/11/2019
"Pandaman 's birthday ",02/29/2020
"Pappug 's birthday ",09/21/2019
"Paulie 's birthday ",07/08/2019
"Pedro 's birthday ",06/16/2019
"Peeply Lulu 's birthday ",01/02/2019
"Pell 's birthday ",08/23/2019
"Pekoms 's birthday ",04/11/2019
"Penguin 's birthday ",04/25/2019
"Perona 's birthday ",06/07/2019
"Peterman 's birthday ",01/04/2019
"Pica 's birthday ",12/14/2019
"Pickles 's birthday ",01/09/2019
"Pierre 's birthday ",10/08/2019
"Porche 's birthday ",11/16/2019
"Porchemi 's birthday ",04/03/2019
"Portgas D. Ace 's birthday ",01/01/2019
"Portgas D. Rouge 's birthday ",06/10/2019
"Rakuyo 's birthday ",09/08/2019
"Rampo 's birthday ",07/10/2019
"Ran 's birthday ",11/24/2019
"Rebecca 's birthday ",08/04/2019
"Richie 's birthday ",07/21/2019
"Riku Dold III 's birthday ",06/27/2019
"Rindo 's birthday ",09/16/2019
"Rob Lucci 's birthday ",06/02/2019
"Rockstar 's birthday ",06/09/2019
"Ronse 's birthday ",06/02/2019
"Roronoa Zoro 's birthday ",11/11/2019
"Roswald 's birthday ",06/28/2019
"Ryuuboshi 's birthday ",06/24/2019
"Ryuuma 's birthday ",11/06/2019
"Sabo 's birthday ",03/20/2019
"Sadi-chan 's birthday ",03/05/2019
"Sai 's birthday ",08/13/2019
"Sakazuki 's birthday ",08/16/2019
"Saldeath 's birthday ",06/08/2019
"Salome 's birthday ",03/06/2019
"Satori 's birthday ",03/10/2019
"Scarlet 's birthday ",10/28/2019
"Scratchmen Apoo 's birthday ",03/19/2019
"Sengoku 's birthday ",05/09/2019
"Senor Pink 's birthday ",06/12/2019
"Sentomaru 's birthday ",03/10/2019
"Seto 's birthday ",07/16/2019
"Shachi 's birthday ",04/07/2019
"Shakuyaku (Shakky) 's birthday ",05/08/2019
"Shalulia 's birthday ",03/29/2019
"Shanks 's birthday ",03/09/2019
"Sherrie 's birthday ",10/31/2019
"Shiki 's birthday ",03/20/2019
"Shilliew 's birthday ",06/11/2019
"Shirahoshi 's birthday ",04/04/2019
"Shura 's birthday ",09/20/2019
"Shyarley 's birthday ",09/09/2019
"Silvers Rayleigh 's birthday ",05/13/2019
"Smoker 's birthday ",03/14/2019
"Sodom 's birthday ",08/06/2019
"Spandam 's birthday ",03/11/2019
"Splash 's birthday ",01/18/2019
"Splatter 's birthday ",01/18/2019
"Spandine 's birthday ",01/19/2019
"Speed Jiru 's birthday ",04/06/2019
"Spoil 's birthday ",09/15/2019
"Squard 's birthday ",09/06/2019
"Stelly 's birthday ",03/12/2019
"Strawberry 's birthday ",01/05/2019
"Stronger 's birthday ",04/16/2019
"Sugar 's birthday ",10/22/2019
"Surume 's birthday ",06/09/2019
"Suu 's birthday ",09/24/2019
"Sweet Pea 's birthday ",01/14/2019
"T-Bone 's birthday ",09/10/2019
"Taroimo 's birthday ",10/16/2019
"Tashigi 's birthday ",10/06/2019
"Terracotta 's birthday ",09/25/2019
"Thatch 's birthday ",03/24/2019
"Tilestone 's birthday ",01/06/2019
"Tom 's birthday ",03/16/2019
"Tonjit 's birthday ",10/02/2019
"Tony Tony Chopper 's birthday ",12/24/2019
"Toto 's birthday ",06/17/2019
"Trafalgar Law 's birthday ",10/06/2019
"Trebol 's birthday ",03/18/2019
"Tsukimi 's birthday ",08/15/2019
"Tsuru 's birthday ",03/26/2019
"Tyrannosaurus 's birthday ",10/20/2019
"Urouge 's birthday ",08/01/2019
"Usopp 's birthday ",04/01/2019
"Van Augur 's birthday ",10/05/2019
"Vander Decken IX 's birthday ",08/22/2019
"Vasco Shot 's birthday ",08/05/2019
"Vegapunk 's birthday ",08/09/2019
"Vergo 's birthday ",07/05/2019
"Verygood 's birthday ",09/10/2019
"Vinsmoke Ichiji 's birthday ",03/02/2019
"Vinsmoke Niji 's birthday ",03/02/2019
"Vinsmoke Reiju 's birthday ",11/11/2019
"Vinsmoke Sora 's birthday ",07/09/2019
"Vinsmoke Sanji 's birthday ",03/02/2019
"Vinsmoke Yonji 's birthday ",03/02/2019
"Viola (Violet) 's birthday ",04/30/2019
"Vista 's birthday ",02/05/2019
"Wadatsumi 's birthday ",02/09/2019
"Wanze 's birthday ",09/04/2019
"Wapol 's birthday ",08/09/2019
"Whitey Bay 's birthday ",10/31/2019
"Wiper 's birthday ",08/18/2019
"Woop Slap 's birthday ",02/28/2019
"X (Diez) Drake 's birthday ",10/24/2019
"Yama 's birthday ",10/03/2019
"Yamakaji 's birthday ",04/05/2019
"Yasopp 's birthday ",08/02/2019
"Yorki 's birthday ",04/09/2019
"Zambia 's birthday ",03/08/2019
"Zeff 's birthday ",04/02/2019
"Zeo 's birthday ",11/11/2019
"A.O 's birthday ",01/15/2020
"Absalom 's birthday ",12/30/2020
"Aisa 's birthday ",01/03/2020
"Aladine 's birthday ",01/31/2020
"Albion 's birthday ",11/09/2020
"Alvida 's birthday ",03/14/2020
"Amadob 's birthday ",06/20/2020
"Amazon 's birthday ",08/04/2020
"Andre 's birthday ",05/19/2020
"Ankoro 's birthday ",11/23/2020
"Aphelandra 's birthday ",08/01/2020
"Arlong 's birthday ",05/03/2020
"Atmos 's birthday ",03/19/2020
"Avalo Pizarro 's birthday ",09/30/2020
"Baby 5 's birthday ",05/15/2020
"Bartholomew Kuma 's birthday ",02/09/2020
"Bartolomeo 's birthday ",10/06/2020
"Basil Hawkins 's birthday ",09/09/2020
"Baskerville (Bas Kerville and “Princess”)  's birthday ",03/31/2020
"Bellamy 's birthday ",08/07/2020
"Bell-mère 's birthday ",12/03/2020
"Benn Beckman 's birthday ",11/09/2020
"Bepo 's birthday ",11/20/2020
"Big Pan 's birthday ",05/25/2020
"Bizarre 's birthday ",02/03/2020
"Blamenco 's birthday ",02/05/2020
"Blenheim 's birthday ",08/06/2020
"Blondie 's birthday ",02/07/2020
"Blue Gilly 's birthday ",11/27/2020
"Bluejam 's birthday ",02/16/2020
"Blueno 's birthday ",04/20/2020
"Boa Hancock 's birthday ",09/02/2020
"Boa Marigold 's birthday ",09/05/2020
"Boa Sandersonia 's birthday ",09/03/2020
"Bon Clay (Bentham) 's birthday ",08/15/2020
"Boo 's birthday ",08/20/2020
"Brannew 's birthday ",09/03/2020
"Brogy 's birthday ",02/01/2020
"Brook 's birthday ",04/03/2020
"Brownbeard 's birthday ",02/03/2020
"Buffalo 's birthday ",04/08/2020
"Buggy 's birthday ",08/08/2020
"Cabaji 's birthday ",09/08/2020
"Caesar Clown 's birthday ",04/09/2020
"Calgara 's birthday ",10/04/2020
"Capone Bege 's birthday ",01/17/2020
"Capote 's birthday ",05/01/2020
"Caribou 's birthday ",07/04/2020
"Carrot 's birthday ",05/24/2020
"Carue 's birthday ",11/08/2020
"Catarina Devon 's birthday ",03/29/2020
"Cavendish 's birthday ",08/31/2020
"Comile 's birthday ",10/01/2020
"Coribou 's birthday ",05/02/2020
"Chaka 's birthday ",04/26/2020
"Charlotte Daifuku 's birthday ",11/25/2020
"Charlotte Linlin 's birthday ",02/15/2020
"Charlotte Katakuri 's birthday ",11/25/2020
"Charlotte Oven 's birthday ",11/25/2020
"Charlotte Pudding 's birthday ",06/25/2020
"Charlotte Smoothie 's birthday ",10/12/2020
"Charloss 's birthday ",06/01/2020
"Chew 's birthday ",05/23/2020
"Chimney 's birthday ",06/02/2020
"Chinjao 's birthday ",12/12/2020
"Chyoko (Tamago) 's birthday ",04/14/2020
"Coby 's birthday ",05/13/2020
"Comile 's birthday ",10/01/2020
"Conis 's birthday ",05/20/2020
"Corgi 's birthday ",08/25/2020
"Crocodile 's birthday ",09/05/2020
"Crocus 's birthday ",01/04/2020
"Curiel 's birthday ",09/12/2020
"Curly Dadan 's birthday ",08/30/2020
"Daisy 's birthday ",02/15/2020
"Dalmatian 's birthday ",11/01/2020
"Dalton 's birthday ",06/10/2020
"Daruma 's birthday ",07/08/2020
"Daz Bones (Mr. 1) 's birthday ",01/01/2020
"Doma 's birthday ",02/01/2020
"Decalvan Brothers 's birthday ",05/22/2020
"Delacauaji 's birthday ",09/01/2020
"Dellinger 's birthday ",08/11/2020
"Demaro Black 's birthday ",05/05/2020
"Den 's birthday ",10/10/2020
"Devil Dias 's birthday ",09/18/2020
"Diamante 's birthday ",05/29/2020
"Disco 's birthday ",06/12/2020
"Doberman 's birthday ",10/08/2020
"Doc Q 's birthday ",10/18/2020
"Dogra 's birthday ",12/19/2020
"Doma 's birthday ",02/01/2020
"Domino 's birthday ",10/30/2020
"Donquixote Doflamingo 's birthday ",10/23/2020
"Donquixote Rosinante 's birthday ",07/15/2020
"Dorry 's birthday ",10/02/2020
"Dosun 's birthday ",10/09/2020
"Duval 's birthday ",08/11/2020
"Dracule Mihawk 's birthday ",03/09/2020
"Edward Newgate 's birthday ",04/06/2020
"Elmy 's birthday ",06/30/2020
"Emporio Ivankov 's birthday ",01/08/2020
"Enel 's birthday ",05/06/2020
"Enishida 's birthday ",02/24/2020
"Epoida 's birthday ",06/04/2020
"Eustass Kid 's birthday ",01/10/2020
"Fisher Tiger 's birthday ",11/05/2020
"Franky 's birthday ",03/09/2020
"Fossa 's birthday ",04/15/2020
"Foxy 's birthday ",04/04/2020
"Fujitora (Issho) 's birthday ",08/10/2020
"Fukaboshi 's birthday ",02/04/2020
"Fukuro 's birthday ",06/29/2020
"Funkfreed 's birthday ",04/28/2020
"Fuza 's birthday ",02/03/2020
"Galdino (Mr. 3) 's birthday ",03/03/2020
"Gaimon 's birthday ",08/05/2020
"Gan Fal 's birthday ",12/22/2020
"Gedatsu 's birthday ",08/10/2020
"Gekko Moriah 's birthday ",09/06/2020
"Genbo 's birthday ",02/09/2020
"Gin 's birthday ",04/07/2020
"Gladius 's birthday ",08/06/2020
"Gloriosa 's birthday ",02/04/2020
"Going Merry 's birthday ",01/22/2020
"Gol D. Roger 's birthday ",12/31/2020
"Gomorrah 's birthday ",08/06/2020
"Gonbe 's birthday ",02/08/2020
"Gorilla 's birthday ",05/18/2020
"Goro 's birthday ",11/26/2020
"Gyro 's birthday ",06/22/2020
"Hack 's birthday ",08/09/2020
"Hamburg 's birthday ",02/22/2020
"Hammond 's birthday ",07/17/2020
"Hannyabal 's birthday ",08/28/2020
"Haredas 's birthday ",10/14/2020
"Hatchan 's birthday ",08/08/2020
"Hattori 's birthday ",08/10/2020
"Helmeppo 's birthday ",07/16/2020
"Heracles 's birthday ",05/10/2020
"Hiluluk 's birthday ",01/12/2020
"Hina 's birthday ",03/03/2020
"Hoe 's birthday ",09/13/2020
"Hody Jones 's birthday ",04/14/2020
"Hogback 's birthday ",12/19/2020
"Holy 's birthday ",11/07/2020
"Hyouzou 's birthday ",04/18/2020
"Iceburg 's birthday ",01/03/2020
"Igaram 's birthday ",12/06/2020
"Ikaros Much 's birthday ",01/13/2020
"Inazuma 's birthday ",08/03/2020
"Indigo 's birthday ",12/05/2020
"Inuarashi 's birthday ",10/11/2020
"Islewan 's birthday ",01/01/2020
"Isshily 's birthday ",05/04/2020
"Itomimizu 's birthday ",01/11/2020
"Izo 's birthday ",10/13/2020
"Jabra 's birthday ",06/05/2020
"Jaguar D. Saulo 's birthday ",03/06/2020
"Jalmack 's birthday ",11/09/2020
"Jean Bart 's birthday ",04/06/2020
"Jesus Burgess 's birthday ",12/25/2020
"Jerry 's birthday ",02/22/2020
"Jewelry Bonney 's birthday ",09/01/2020
"Jinbe 's birthday ",04/02/2020
"John Giant 's birthday ",05/19/2020
"Jora 's birthday ",01/25/2020
"Jozu 's birthday ",11/11/2020
"Kadar 's birthday ",07/29/2020
"Kaku 's birthday ",08/07/2020
"Kaido 's birthday ",05/01/2020
"Kalifa 's birthday ",04/23/2020
"Kamakiri 's birthday ",07/10/2020
"Kanjuro 's birthday ",07/21/2020
"Karma 's birthday ",06/06/2020
"Kashi 's birthday ",04/01/2020
"Kashigami 's birthday ",11/04/2020
"Kaya 's birthday ",08/08/2020
"Keimi 's birthday ",11/03/2020
"Kiwi 's birthday ",09/01/2020
"Kin’emon 's birthday ",01/15/2020
"Kingdew 's birthday ",11/13/2020
"Killer 's birthday ",02/02/2020
"Kizaru (Borsalino) 's birthday ",11/23/2020
"Koala 's birthday ",10/25/2020
"Kohza 's birthday ",05/26/2020
"Kokoro 's birthday ",10/05/2020
"Kong 's birthday ",05/09/2020
"Krieg 's birthday ",09/19/2020
"Kuina 's birthday ",09/17/2020
"Kumadori 's birthday ",02/20/2020
"Kumashi 's birthday ",09/04/2020
"Kuro 's birthday ",04/22/2020
"Kuroobi 's birthday ",10/25/2020
"Kuzan 's birthday ",09/21/2020
"Kyros 's birthday ",09/22/2020
"Laboon 's birthday ",09/16/2020
"Lacroix 's birthday ",06/08/2020
"Lacuba 's birthday ",05/31/2020
"Lafitte 's birthday ",03/13/2020
"Lao G 's birthday ",10/07/2020
"Laki 's birthday ",07/07/2020
"Leo 's birthday ",07/24/2020
"Lieu. Spacey 's birthday ",03/21/2020
"Little Oars Jr. 's birthday ",02/12/2020
"Lola 's birthday ",01/27/2020
"Lord of the Earth 's birthday ",08/04/2020
"Lord of the Forest 's birthday ",04/04/2020
"Lucky Roo 's birthday ",07/06/2020
"Machvise 's birthday ",08/13/2020
"Macro 's birthday ",09/06/2020
"Magellan 's birthday ",10/09/2020
"Magra 's birthday ",10/20/2020
"Makino 's birthday ",02/23/2020
"Manboshi 's birthday ",03/30/2020
"Marco 's birthday ",10/05/2020
"Marguerite 's birthday ",04/09/2020
"Marshall D. Teach 's birthday ",08/03/2020
"Masira 's birthday ",03/04/2020
"McGuy 's birthday ",09/03/2020
"Megalo 's birthday ",04/08/2020
"Mikazuki 's birthday ",02/10/2020
"Minister of the Left 's birthday ",07/02/2020
"Minister of the Right 's birthday ",04/05/2020
"Minokoala 's birthday ",03/05/2020
"Minorhinoceros 's birthday ",03/01/2020
"Minotaurus 's birthday ",03/04/2020
"Minozebra 's birthday ",03/07/2020
"Miss Father’s Day 's birthday ",06/21/2020
"Miss Goldenweek 's birthday ",04/29/2020
"Miss Valentine 's birthday ",02/14/2020
"Moda 's birthday ",06/01/2020
"Mohji 's birthday ",10/01/2020
"Mohmoo 's birthday ",04/09/2020
"Momonga 's birthday ",06/06/2020
"Monda 's birthday ",04/03/2020
"Monet 's birthday ",08/27/2020
"Monkey D. Dragon 's birthday ",10/05/2020
"Monkey D. Garp 's birthday ",05/02/2020
"Monkey D. Luffy 's birthday ",05/05/2020
"Montblanc Cricket 's birthday ",09/11/2020
"Montblanc Noland 's birthday ",10/09/2020
"Morgan 's birthday ",04/13/2020
"Mousse 's birthday ",06/03/2020
"Motobaro 's birthday ",08/19/2020
"Mozu 's birthday ",01/07/2020
"Mr. 5 's birthday ",07/26/2020
"Nami 's birthday ",07/03/2020
"Namur 's birthday ",07/06/2020
"Nekomamushi 's birthday ",11/22/2020
"Nefeltari Cobra 's birthday ",02/13/2020
"Nefeltari Vivi 's birthday ",02/02/2020
"Neptune 's birthday ",07/03/2020
"Nero 's birthday ",01/26/2020
"Nico Robin 's birthday ",02/06/2020
"Nico Olivia 's birthday ",02/06/2020
"Nola 's birthday ",03/10/2020
"Nojiko 's birthday ",07/25/2020
"Oars 's birthday ",10/04/2020
"Octopako 's birthday ",08/05/2020
"Ohm 's birthday ",03/25/2020
"Oimo 's birthday ",01/06/2020
"Onigumo 's birthday ",02/08/2020
"Otohime 's birthday ",01/10/2020
"Palms 's birthday ",03/11/2020
"Pandaman 's birthday ",02/29/2020
"Pappug 's birthday ",09/21/2020
"Paulie 's birthday ",07/08/2020
"Pedro 's birthday ",06/16/2020
"Peeply Lulu 's birthday ",01/02/2020
"Pell 's birthday ",08/23/2020
"Pekoms 's birthday ",04/11/2020
"Penguin 's birthday ",04/25/2020
"Perona 's birthday ",06/07/2020
"Peterman 's birthday ",01/04/2020
"Pica 's birthday ",12/14/2020
"Pickles 's birthday ",01/09/2020
"Pierre 's birthday ",10/08/2020
"Porche 's birthday ",11/16/2020
"Porchemi 's birthday ",04/03/2020
"Portgas D. Ace 's birthday ",01/01/2020
"Portgas D. Rouge 's birthday ",06/10/2020
"Rakuyo 's birthday ",09/08/2020
"Rampo 's birthday ",07/10/2020
"Ran 's birthday ",11/24/2020
"Rebecca 's birthday ",08/04/2020
"Richie 's birthday ",07/21/2020
"Riku Dold III 's birthday ",06/27/2020
"Rindo 's birthday ",09/16/2020
"Rob Lucci 's birthday ",06/02/2020
"Rockstar 's birthday ",06/09/2020
"Ronse 's birthday ",06/02/2020
"Roronoa Zoro 's birthday ",11/11/2020
"Roswald 's birthday ",06/28/2020
"Ryuuboshi 's birthday ",06/24/2020
"Ryuuma 's birthday ",11/06/2020
"Sabo 's birthday ",03/20/2020
"Sadi-chan 's birthday ",03/05/2020
"Sai 's birthday ",08/13/2020
"Sakazuki 's birthday ",08/16/2020
"Saldeath 's birthday ",06/08/2020
"Salome 's birthday ",03/06/2020
"Satori 's birthday ",03/10/2020
"Scarlet 's birthday ",10/28/2020
"Scratchmen Apoo 's birthday ",03/19/2020
"Sengoku 's birthday ",05/09/2020
"Senor Pink 's birthday ",06/12/2020
"Sentomaru 's birthday ",03/10/2020
"Seto 's birthday ",07/16/2020
"Shachi 's birthday ",04/07/2020
"Shakuyaku (Shakky) 's birthday ",05/08/2020
"Shalulia 's birthday ",03/29/2020
"Shanks 's birthday ",03/09/2020
"Sherrie 's birthday ",10/31/2020
"Shiki 's birthday ",03/20/2020
"Shilliew 's birthday ",06/11/2020
"Shirahoshi 's birthday ",04/04/2020
"Shura 's birthday ",09/20/2020
"Shyarley 's birthday ",09/09/2020
"Silvers Rayleigh 's birthday ",05/13/2020
"Smoker 's birthday ",03/14/2020
"Sodom 's birthday ",08/06/2020
"Spandam 's birthday ",03/11/2020
"Splash 's birthday ",01/18/2020
"Splatter 's birthday ",01/18/2020
"Spandine 's birthday ",01/19/2020
"Speed Jiru 's birthday ",04/06/2020
"Spoil 's birthday ",09/15/2020
"Squard 's birthday ",09/06/2020
"Stelly 's birthday ",03/12/2020
"Strawberry 's birthday ",01/05/2020
"Stronger 's birthday ",04/16/2020
"Sugar 's birthday ",10/22/2020
"Surume 's birthday ",06/09/2020
"Suu 's birthday ",09/24/2020
"Sweet Pea 's birthday ",01/14/2020
"T-Bone 's birthday ",09/10/2020
"Taroimo 's birthday ",10/16/2020
"Tashigi 's birthday ",10/06/2020
"Terracotta 's birthday ",09/25/2020
"Thatch 's birthday ",03/24/2020
"Tilestone 's birthday ",01/06/2020
"Tom 's birthday ",03/16/2020
"Tonjit 's birthday ",10/02/2020
"Tony Tony Chopper 's birthday ",12/24/2020
"Toto 's birthday ",06/17/2020
"Trafalgar Law 's birthday ",10/06/2020
"Trebol 's birthday ",03/18/2020
"Tsukimi 's birthday ",08/15/2020
"Tsuru 's birthday ",03/26/2020
"Tyrannosaurus 's birthday ",10/20/2020
"Urouge 's birthday ",08/01/2020
"Usopp 's birthday ",04/01/2020
"Van Augur 's birthday ",10/05/2020
"Vander Decken IX 's birthday ",08/22/2020
"Vasco Shot 's birthday ",08/05/2020
"Vegapunk 's birthday ",08/09/2020
"Vergo 's birthday ",07/05/2020
"Verygood 's birthday ",09/10/2020
"Vinsmoke Ichiji 's birthday ",03/02/2020
"Vinsmoke Niji 's birthday ",03/02/2020
"Vinsmoke Reiju 's birthday ",11/11/2020
"Vinsmoke Sora 's birthday ",07/09/2020
"Vinsmoke Sanji 's birthday ",03/02/2020
"Vinsmoke Yonji 's birthday ",03/02/2020
"Viola (Violet) 's birthday ",04/30/2020
"Vista 's birthday ",02/05/2020
"Wadatsumi 's birthday ",02/09/2020
"Wanze 's birthday ",09/04/2020
"Wapol 's birthday ",08/09/2020
"Whitey Bay 's birthday ",10/31/2020
"Wiper 's birthday ",08/18/2020
"Woop Slap 's birthday ",02/28/2020
"X (Diez) Drake 's birthday ",10/24/2020
"Yama 's birthday ",10/03/2020
"Yamakaji 's birthday ",04/05/2020
"Yasopp 's birthday ",08/02/2020
"Yorki 's birthday ",04/09/2020
"Zambia 's birthday ",03/08/2020
"Zeff 's birthday ",04/02/2020
"Zeo 's birthday ",11/11/2020
